Label,Run,ElapsedSeconds
Baseline,1,36.0647631
Baseline,2,33.6905149
Baseline,3,31.6944574
Baseline,4,30.903708
Baseline,5,30.16338
Baseline,6,31.6318276
Baseline,7,31.1370185
Baseline,8,34.0101508
Baseline,9,32.4498866
Baseline,10,31.7465888
PR-54153,1,45.5445407
PR-54153,2,44.3995128
PR-54153,3,40.6741893
PR-54153,4,18.6002883
PR-54153,5,15.5644851
PR-54153,6,15.6199667
PR-54153,7,15.8876189
PR-54153,8,16.5062263
PR-54153,9,17.6291013
PR-54153,10,15.6534346
